category,variant_name,seed,learning_rate,ent_coef,clip_range,use_action_masking,invalid_action_penalty,obs_noise_std,mean_cumulative_reward,sla_violation_rate_pct,power_consumption_watts,vm_migrations,invalid_actions,convergence_epochs,steps_per_second,train_time_sec,eval_time_sec
hyperparameter,LR_1e-04,101,0.0001,0.01,0.2,True,0.0,0.0,-5.672940770874024,0.0,1068.5881541748047,330,1685,6,1111.7884793752173,9.447267333001946,0.44972583299386315
hyperparameter,LR_1e-04,2024,0.0001,0.01,0.2,True,0.0,0.0,-7.491244909057618,0.0,925.2489818115234,2865,613,6,1111.3820611126087,9.462289584000246,0.4498902920022374
hyperparameter,LR_1e-04,777,0.0001,0.01,0.2,True,0.0,0.0,-9.271507435302736,0.0,960.5014870605469,4469,768,6,1055.6925316701454,9.469423834001645,0.47362274999613874
hyperparameter,LR_1e-04,42,0.0001,0.01,0.2,True,0.0,0.0,-7.944976853637696,0.0,1054.5953707275391,2672,1888,6,1033.2542549212692,9.471091333994991,0.4839080000092508
hyperparameter,LR_3e-04,42,0.0003,0.01,0.2,True,0.0,0.0,-9.513196376342773,0.0,948.4392752685546,4771,1766,6,1067.037615623865,9.877355915989028,0.4685870419925777
hyperparameter,LR_1e-04,999,0.0001,0.01,0.2,True,0.0,0.0,-10.014166232299806,0.0,913.433246459961,5447,1221,6,1065.0788936178658,9.938342916997499,0.46944879200600553
hyperparameter,LR_3e-04,2024,0.0003,0.01,0.2,True,0.0,0.0,-8.86041246887207,0.0,961.2824937744141,4054,1367,6,1063.2901290123962,9.892669915992883,0.4702385420096107
hyperparameter,LR_3e-04,101,0.0003,0.01,0.2,True,0.0,0.0,-9.501064996948244,0.0,989.6129993896484,4553,2079,6,1048.0688014837629,9.891606041011983,0.4770679170032963
hyperparameter,LR_3e-04,777,0.0003,0.01,0.2,True,0.0,0.0,-9.69394516052246,0.0,992.1890321044922,4733,254,6,1024.6400311672535,10.153316250012722,0.48797624999133404
hyperparameter,LR_3e-04,999,0.0003,0.01,0.2,True,0.0,0.0,-6.218192924194336,0.0,1030.4385848388672,1066,1019,6,1024.651842502045,10.153184459006297,0.4879706250067102
hyperparameter,LR_1e-03,42,0.001,0.01,0.2,True,0.0,0.0,-8.85744546508789,0.0,944.0890930175781,4137,1050,6,1026.8983177852836,10.147736041995813,0.4869031250127591
hyperparameter,LR_1e-03,101,0.001,0.01,0.2,True,0.0,0.0,-9.467724714965822,0.02,944.9449429931641,4739,2163,6,1019.8815713596301,10.155817709004623,0.4902529999963008
hyperparameter,LR_1e-03,999,0.001,0.01,0.2,True,0.0,0.0,-4.945121421508789,0.0,981.8242843017578,36,1506,6,1063.704650310637,10.285825375001878,0.4700552919966867
hyperparameter,LR_1e-03,777,0.001,0.01,0.2,True,0.0,0.0,-6.927385203247071,0.0,1066.677040649414,1594,1333,6,1047.3377452536072,10.280523250010447,0.47740091700688936
hyperparameter,LR_1e-03,2024,0.001,0.01,0.2,True,0.0,0.0,-9.174107512817383,0.0,1002.0215025634766,4164,324,6,1039.3605853680024,10.318434000000707,0.4810649999999441
hyperparameter,Entropy_0.001,42,0.0003,0.001,0.2,True,0.0,0.0,-7.362513262329101,0.0,1074.3026524658203,1991,1500,6,1031.129277303322,10.286197583991452,0.4849052500067046
hyperparameter,Entropy_0.001,2024,0.0003,0.001,0.2,True,0.0,0.0,-8.094613085327149,0.02,942.1226170654297,3380,660,6,981.1460521864954,10.500879208004335,0.5096081249939743
hyperparameter,Entropy_0.001,777,0.0003,0.001,0.2,True,0.0,0.0,-8.20523919921875,0.0,929.44783984375,3558,234,6,968.6544241826725,10.534070125009748,0.516179958009161
hyperparameter,Entropy_0.001,101,0.0003,0.001,0.2,True,0.0,0.0,-8.753955676269532,0.0,987.7911352539063,3815,2086,6,971.8309134439122,10.552274125002441,0.514492791990051
hyperparameter,Entropy_0.001,999,0.0003,0.001,0.2,True,0.0,0.0,-8.759498427734375,0.0,950.099685546875,4009,1034,6,961.4185929925545,10.518903249991126,0.5200648329919204
hyperparameter,Entropy_0.01,42,0.0003,0.01,0.2,True,0.0,0.0,-9.513196376342773,0.0,948.4392752685546,4771,1766,6,988.8660271318727,10.759563165993313,0.5056296669936273
hyperparameter,Entropy_0.01,2024,0.0003,0.01,0.2,True,0.0,0.0,-8.86041246887207,0.0,961.2824937744141,4054,1367,6,988.9723804240303,10.768485417007469,0.5055752919870429
hyperparameter,Entropy_0.01,101,0.0003,0.01,0.2,True,0.0,0.0,-9.501064996948244,0.0,989.6129993896484,4553,2079,6,978.8051184104593,10.771693125003367,0.5108269159973133
hyperparameter,Entropy_0.01,777,0.0003,0.01,0.2,True,0.0,0.0,-9.69394516052246,0.0,992.1890321044922,4733,254,6,979.3483175096172,10.805166708989418,0.5105435839941492
hyperparameter,Entropy_0.01,999,0.0003,0.01,0.2,True,0.0,0.0,-6.218192924194336,0.0,1030.4385848388672,1066,1019,6,992.6885175172504,10.799508999989484,0.5036826669966104
hyperparameter,Entropy_0.05,42,0.0003,0.05,0.2,True,0.0,0.0,-6.583235504760743,0.0,1024.2471009521485,1462,2338,6,978.466481105848,10.811553166990052,0.5110037080012262
hyperparameter,Entropy_0.05,101,0.0003,0.05,0.2,True,0.0,0.0,-7.526218529663086,0.0,1002.6437059326172,2513,2501,6,993.6592121656937,10.836508874999708,0.5031906249932945
hyperparameter,Entropy_0.05,2024,0.0003,0.05,0.2,True,0.0,0.0,-9.019684795532227,0.0,1007.7369591064453,3981,659,6,970.7610819961365,10.827860874996986,0.5150597909960197
hyperparameter,Entropy_0.05,777,0.0003,0.05,0.2,True,0.0,0.0,-8.630571447753907,0.0,980.5142895507812,3728,166,6,954.8269006280274,10.880457207997097,0.5236551249981858
hyperparameter,Entropy_0.05,999,0.0003,0.05,0.2,True,0.0,0.0,-7.964186271362305,0.0,1013.637254272461,2896,850,6,948.9565748001818,10.838213042006828,0.5268944999988889
hyperparameter,Clip_0.1,42,0.0003,0.01,0.1,True,0.0,0.0,-8.742992131958006,0.0,921.7984263916015,4134,1600,6,951.9248588902519,10.835613707997254,0.5252515419997508
hyperparameter,Clip_0.1,101,0.0003,0.01,0.1,True,0.0,0.0,-8.923751721801757,0.0,986.7503443603516,3990,2166,6,891.5444376086066,10.818615208001575,0.5608245409966912
hyperparameter,Clip_0.1,2024,0.0003,0.01,0.1,True,0.0,0.0,-8.157848283691406,0.0,1020.9696567382813,3053,562,6,931.3782972629265,11.314355791997514,0.536838792002527
hyperparameter,Clip_0.1,777,0.0003,0.01,0.1,True,0.0,0.0,-9.960983992919921,0.0,875.7967985839844,5582,614,6,951.2694782493719,11.32411741699616,0.5256134160008514
hyperparameter,Clip_0.1,999,0.0003,0.01,0.1,True,0.0,0.0,-8.56254184326172,0.0,912.1083686523438,4002,1004,6,935.5429610703139,11.356302000000142,0.5344489999988582
hyperparameter,Clip_0.2,42,0.0003,0.01,0.2,True,0.0,0.0,-9.513196376342773,0.0,948.4392752685546,4771,1766,6,932.7535958759274,11.318760167006985,0.5360472500033211
hyperparameter,Clip_0.2,101,0.0003,0.01,0.2,True,0.0,0.0,-9.501064996948244,0.0,989.6129993896484,4553,2079,6,935.6142986293082,11.274592791000032,0.5344082499941578
hyperparameter,Clip_0.2,2024,0.0003,0.01,0.2,True,0.0,0.0,-8.86041246887207,0.0,961.2824937744141,4054,1367,6,934.3107891004047,11.320179499991355,0.5351538329996401
hyperparameter,Clip_0.2,777,0.0003,0.01,0.2,True,0.0,0.0,-9.69394516052246,0.0,992.1890321044922,4733,254,6,926.2891513288243,11.288168541010236,0.5397882500110427
hyperparameter,Clip_0.2,999,0.0003,0.01,0.2,True,0.0,0.0,-6.218192924194336,0.0,1030.4385848388672,1066,1019,6,913.0918434742808,11.289942999996128,0.5475900409946917
hyperparameter,Clip_0.3,42,0.0003,0.01,0.3,True,0.0,0.0,-7.166860280151368,0.0,995.9720560302734,2187,1396,6,949.6188439793059,11.127031208001426,0.5265270410018275
hyperparameter,Clip_0.3,101,0.0003,0.01,0.3,True,0.0,0.0,-5.1043105670166025,0.0,975.6621134033203,226,2540,6,946.2531378242553,11.184750624990556,0.5283998329978203
hyperparameter,Clip_0.3,777,0.0003,0.01,0.3,True,0.0,0.0,-8.247058008422853,0.0,996.4116016845703,3265,330,6,948.3167377918877,11.140010582996183,0.5272499999991851
hyperparameter,Clip_0.3,2024,0.0003,0.01,0.3,True,0.0,0.0,-7.6233736047363285,0.0,920.0747209472656,3023,501,6,938.381859017581,11.191267874994082,0.5328321249980945
hyperparameter,Clip_0.3,999,0.0003,0.01,0.3,True,0.0,0.0,-8.89069419616699,0.0,878.5388392333984,4498,518,6,937.7538517232009,11.414583083998878,0.5331889590015635
action_masking,MaskablePPO_ActionMasked,42,0.0003,0.01,0.2,True,0.0,0.0,-9.513196376342773,0.0,948.4392752685546,4771,1766,6,917.218436696694,11.563038624997716,0.5451264169969363
action_masking,MaskablePPO_ActionMasked,2024,0.0003,0.01,0.2,True,0.0,0.0,-8.86041246887207,0.0,961.2824937744141,4054,1367,6,917.23112687832,11.545963875003508,0.5451188750012079
action_masking,MaskablePPO_ActionMasked,101,0.0003,0.01,0.2,True,0.0,0.0,-9.501064996948244,0.0,989.6129993896484,4553,2079,6,908.6612230110912,11.572853417004808,0.5502600830077427
action_masking,UnmaskedPPO_Penalty_10,42,0.0003,0.01,0.2,False,-10.0,0.0,-21.917343368530272,0.0,1010.2686737060546,406,823,6,1850.3869621607412,8.018937665998237,0.270213750001858
action_masking,UnmaskedPPO_Penalty_10,101,0.0003,0.01,0.2,False,-10.0,0.0,-5.619999315185547,0.0,1069.1998630371095,34,12,6,1789.7572194373306,8.021551708006882,0.27936749999935273
action_masking,MaskablePPO_ActionMasked,777,0.0003,0.01,0.2,True,0.0,0.0,-9.69394516052246,0.0,992.1890321044922,4733,254,6,866.735138737639,11.71821608299797,0.5768775000033202
action_masking,MaskablePPO_ActionMasked,999,0.0003,0.01,0.2,True,0.0,0.0,-6.218192924194336,0.0,1030.4385848388672,1066,1019,6,870.566683986167,11.753405041992664,0.5743385420064442
action_masking,UnmaskedPPO_Penalty_10,2024,0.0003,0.01,0.2,False,-10.0,0.0,-15.270107820434571,0.0,1022.821564086914,16,507,6,1794.1727915262868,8.202793917007511,0.2786799590103328
action_masking,UnmaskedPPO_Penalty_10,777,0.0003,0.01,0.2,False,-10.0,0.0,-4.954299304199219,0.0,949.8598608398438,45,8,6,1794.6748408688732,8.201945875000092,0.27860199999122415
action_masking,UnmaskedPPO_Penalty_10,999,0.0003,0.01,0.2,False,-10.0,0.0,-4.848000455932618,0.0,866.0000911865235,18,25,6,1835.9398023556223,8.240943958007847,0.2723400840040995
action_masking,UnmaskedPPO_Penalty_50,42,0.0003,0.01,0.2,False,-50.0,0.0,-58.54341276184083,0.0,889.4825523681641,496,536,6,1821.2713566352336,8.307092541988823,0.2745335000072373
action_masking,UnmaskedPPO_Penalty_50,101,0.0003,0.01,0.2,False,-50.0,0.0,-5.893632382202148,0.0,1011.5264764404296,36,8,6,1739.443788727164,8.422524125009659,0.2874482080078451
action_masking,UnmaskedPPO_Penalty_50,2024,0.0003,0.01,0.2,False,-50.0,0.0,-8.425959350585938,0.02,887.7918701171875,83,39,6,1775.229072714608,8.41739108299953,0.28165379200072493
action_masking,UnmaskedPPO_Penalty_50,777,0.0003,0.01,0.2,False,-50.0,0.0,-104.62962791870119,0.0,941.5255837402344,22,999,6,1699.8318016932637,8.46038808299636,0.2941467499913415
action_masking,UnmaskedPPO_Penalty_50,999,0.0003,0.01,0.2,False,-50.0,0.0,-105.6315015246582,0.0,882.9003049316407,17,1012,6,1520.0184530088109,8.388664082987816,0.3289433750032913
action_masking,UnmaskedPPO_Penalty_100,42,0.0003,0.01,0.2,False,-100.0,0.0,-151.28086382751465,0.0,879.7727655029297,682,731,6,1792.2056931613577,8.653877999997349,0.27898583399655763
action_masking,UnmaskedPPO_Penalty_100,101,0.0003,0.01,0.2,False,-100.0,0.0,-11.89207234741211,0.08,999.6144694824219,1078,29,6,1750.5092564035722,8.678824041009648,0.28563116599980276
action_masking,UnmaskedPPO_Penalty_100,2024,0.0003,0.01,0.2,False,-100.0,0.0,-38.308574663085935,0.0,952.7149326171875,145,167,6,1708.58076694712,8.560720166991814,0.2926405410107691
action_masking,UnmaskedPPO_Penalty_100,777,0.0003,0.01,0.2,False,-100.0,0.0,-149.34068794006348,0.0,852.5375880126953,278,724,6,1726.971307366955,8.548584040996502,0.2895242079976015
action_masking,UnmaskedPPO_Penalty_100,999,0.0003,0.01,0.2,False,-100.0,0.0,-76.95355422973633,0.0,849.9108459472657,104,363,6,1721.2348310369234,8.77548820899392,0.29048912500729784
noise_perturbation,Noise_0pct,42,0.0003,0.01,0.2,True,0.0,0.0,-9.513196376342773,0.0,948.4392752685546,4771,1766,6,790.669729066632,13.141977375009446,0.6323752909956966
noise_perturbation,Noise_0pct,101,0.0003,0.01,0.2,True,0.0,0.0,-9.501064996948244,0.0,989.6129993896484,4553,2079,6,793.4761445200492,13.05765087500913,0.6301386669947533
noise_perturbation,Noise_0pct,2024,0.0003,0.01,0.2,True,0.0,0.0,-8.86041246887207,0.0,961.2824937744141,4054,1367,6,781.3070207580455,13.179066042008344,0.6399532920040656
noise_perturbation,Noise_0pct,777,0.0003,0.01,0.2,True,0.0,0.0,-9.69394516052246,0.0,992.1890321044922,4733,254,6,765.9718535865437,13.442300624999916,0.6527655000099912
noise_perturbation,Noise_0pct,999,0.0003,0.01,0.2,True,0.0,0.0,-6.218192924194336,0.0,1030.4385848388672,1066,1019,6,761.3070271199983,13.48289354100416,0.6567652500089025
noise_perturbation,Noise_5pct,42,0.0003,0.01,0.2,True,0.0,0.05,-8.594944682006837,0.0,1037.3889364013671,3408,2478,6,745.5773751761409,13.36499533400638,0.670621208002558
noise_perturbation,Noise_5pct,101,0.0003,0.01,0.2,True,0.0,0.05,-8.576202688598633,0.0,986.8405377197265,3642,1961,6,758.7608431385213,13.483626457993523,0.658969166004681
noise_perturbation,Noise_5pct,2024,0.0003,0.01,0.2,True,0.0,0.05,-9.504589282836914,0.0,932.9178565673828,4840,1114,6,778.371898136979,13.297291916998802,0.6423664590111002
noise_perturbation,Noise_5pct,777,0.0003,0.01,0.2,True,0.0,0.05,-9.753997239990236,0.0,987.9994479980469,4814,265,6,765.5965413388288,13.620940666995011,0.6530855000019073
noise_perturbation,Noise_5pct,999,0.0003,0.01,0.2,True,0.0,0.05,-6.305297283935548,0.0,1028.6594567871093,1162,1038,6,671.8571366078602,13.740472667006543,0.7442058329907013
noise_perturbation,Noise_15pct,42,0.0003,0.01,0.2,True,0.0,0.15,-9.455767841186523,0.0,986.7535682373046,4522,1914,6,762.682940248283,13.827115291991504,0.6555804169911426
noise_perturbation,Noise_15pct,101,0.0003,0.01,0.2,True,0.0,0.15,-8.473347761230471,0.0,988.6695522460938,3530,1987,6,795.7081095986625,13.553833124999073,0.6283711249998305
noise_perturbation,Noise_15pct,2024,0.0003,0.01,0.2,True,0.0,0.15,-8.58126163269043,0.02,933.252326538086,3911,1078,6,892.5330019595802,12.840031125000678,0.5602033750037663
noise_perturbation,Noise_15pct,777,0.0003,0.01,0.2,True,0.0,0.15,-9.653472965698242,0.0,976.2945931396484,4772,302,6,1067.2932856626946,11.873806542003877,0.46847479199641384
noise_perturbation,Noise_15pct,999,0.0003,0.01,0.2,True,0.0,0.15,-6.6470906256103515,0.0,1021.4181251220704,1540,1090,6,1023.9750969191197,11.726650790995336,0.4882931250031106
